creationDate:Date|id:ID|:LABEL|firstName|lastName|gender|birthday|locationIP|browserUsed|emails:string[]|languages:string[]
2011-08-21|219791209300010|person|Ali|Achiou|female|1981-03-11|196.29.42.107|Firefox|ar;fr;en|Ali19791209300010@gmail.com;Ali19791209300010@yahoo.com
2012-01-10|226388279066632|person|Djelaludin|Zaland|male|1983-05-23|180.222.139.188|Internet Explorer|tk;en|Djelaludin26388279066632@gmail.com;Djelaludin26388279066632@gmx.com;Djelaludin26388279066632@hotmail.com;Djelaludin26388279066632@yahoo.com
2012-01-12|226388279066641|person|Almira|Patras|female|1983-05-28|193.104.227.215|Internet Explorer|ru;en|Almira26388279066641@gmail.com
2010-11-13|210995116277761|person|Evangelos|Alkaios|male|1987-01-05|91.223.132.248|Internet Explorer|en;fr|Evangelos10995116277761@gmail.com;Evangelos10995116277761@gmx.com
2010-01-03|200000000000014|person|Hossein|Forouhar|male|1984-03-11|77.245.239.11|Firefox|fa;ku;en|Hossein14@gmail.com
2010-01-31|200000000000016|person|Jan|Zakrzewski|female|1986-07-05|31.41.169.140|Chrome|pl;en|Jan16@gmail.com;Jan16@gmx.com;Jan16@yahoo.com;Jan16@zoho.com
2010-06-22|204398046511148|person|Alexei|Kahnovich|female|1985-06-11|31.192.109.124|Internet Explorer|ru;en|Alexei4398046511148@gmail.com;Alexei4398046511148@gmx.com;Alexei4398046511148@zoho.com
2011-04-14|215393162788899|person|Ayesha|Ahmed|male|1988-11-12|202.4.167.190|Chrome|ur;en|Ayesha15393162788899@gmail.com;Ayesha15393162788899@gmx.com;Ayesha15393162788899@hotmail.com
2012-01-13|226388279066650|person|Rahul|Sharma|female|1985-11-12|49.50.77.195|Firefox|mr;kn;en|Rahul26388279066650@gmail.com
2011-10-06|221990232555526|person|Baby|Yang|male|1985-08-20|27.131.221.93|Internet Explorer|zh;en|Baby21990232555526@gmail.com;Baby21990232555526@gmx.com;Baby21990232555526@yahoo.com
2011-10-17|221990232555527|person|Jun|Li|female|1987-09-06|1.29.220.142|Chrome|zh;en|Jun21990232555527@yahoo.com
2010-01-19|200000000000027|person|Wojciech|Ciesla|male|1985-12-07|31.182.127.125|Internet Explorer|pl;en|Wojciech27@gmail.com;Wojciech27@gmx.com;Wojciech27@yahoo.com
2011-03-07|215393162788910|person|Alejandro|Garcia|male|1986-12-16|189.202.102.202|Firefox|es;en|Alejandro15393162788910@gmail.com;Alejandro15393162788910@gmx.com;Alejandro15393162788910@yahoo.com
2010-12-24|210995116277782|person|Ken|Yamada|male|1986-10-12|27.122.45.252|Internet Explorer|ja;en|Ken10995116277782@gmail.com;Ken10995116277782@hotmail.com;Ken10995116277782@zoho.com
2011-04-14|215393162788912|person|Adje van den Berg|Vries|female|1986-07-07|31.24.165.15|Firefox|nl;en|Adje.van.den.Berg15393162788912@gmail.com;Adje.van.den.Berg15393162788912@gmx.com
2010-01-19|200000000000033|person|Ali|Ferrer|female|1981-05-30|41.223.177.12|Safari|ar;fr;en|Ali33@gmail.com;Ali33@gmx.com;Ali33@yahoo.com
2010-11-21|210995116277783|person|John|Johnson|male|1989-05-08|24.38.139.231|Firefox|en|John10995116277783@gmail.com;John10995116277783@yahoo.com
2012-02-20|226388279066664|person|Celso|Oliveira|male|1988-08-23|192.190.31.253|Chrome|pt;en|Celso26388279066664@gmail.com;Celso26388279066664@gmx.com;Celso26388279066664@zoho.com
2012-09-05|232985348833291|person|Cheng|Wei|male|1981-04-07|27.121.123.176|Chrome|zh;en|Cheng32985348833291@gmail.com;Cheng32985348833291@gmx.com
2010-01-09|200000000000047|person|Tissa|Perera|male|1983-05-09|103.1.176.97|Safari|ta;si;en|Tissa47@gmail.com;Tissa47@yahoo.com;Tissa47@zoho.com
2012-03-30|228587302322180|person|Bryn|Davies|male|1985-06-02|31.170.121.115|Internet Explorer|en;cy|Bryn28587302322180@gmx.com;Bryn28587302322180@yahoo.com
2010-03-24|202199023255557|person|Eric|Mettacara|male|1989-08-05|203.215.63.48|Firefox|my;en|Eric2199023255557@gmail.com;Eric2199023255557@gmx.com;Eric2199023255557@yahoo.com
2012-08-08|232985348833319|person|Alexei|Feltsman|female|1985-11-04|31.192.132.124|Firefox|ru;en|Alexei32985348833319@gmail.com;Alexei32985348833319@hotmail.com;Alexei32985348833319@yahoo.com
2012-03-19|228587302322191|person|Ge|Wei|female|1981-04-30|1.88.156.174|Internet Explorer|zh;en|Ge28587302322191@yahoo.com
2012-03-13|228587302322196|person|Yahya Ould Ahmed El|Abdallahi|male|1989-01-28|41.188.97.221|Internet Explorer|ar;wo;en|Yahya.Ould.Ahmed.El28587302322196@gmail.com
2010-08-31|206597069766699|person|Rahul|Khan|female|1987-11-24|27.116.34.47|Chrome|ml;mr;en|Rahul6597069766699@gmail.com;Rahul6597069766699@yahoo.com
2010-07-11|206597069766701|person|Ali|Abouba|male|1987-05-29|41.203.147.168|Internet Explorer|fr;ha;en|Ali6597069766701@gmail.com;Ali6597069766701@jizan.cc;Ali6597069766701@yahoo.com;Ali6597069766701@zoho.com
2010-04-18|202199023255573|person|Arbaaz|Ali|female|1987-01-10|115.186.113.189|Safari|ur;en|Arbaaz2199023255573@gmail.com;Arbaaz2199023255573@gmx.com
2012-03-17|228587302322210|person|Roberto|Diaz|female|1980-07-08|186.64.7.5|Firefox|es;en|Roberto28587302322210@hotmail.com;Roberto28587302322210@yahoo.com
2011-12-29|224189255811081|person|Alim|Guliyev|female|1984-10-07|91.191.192.127|Firefox|az;ru;en|Alim24189255811081@gmail.com
2011-02-28|213194139533343|person|Otto|Richter|male|1982-10-12|31.24.100.159|Firefox|de;en|Otto13194139533343@yahoo.com
2011-07-26|219791209299968|person|John|Khan|male|1985-02-24|27.4.90.237|Internet Explorer|te;ur;en|John19791209299968@gmail.com
2012-01-02|224189255811104|person|Miguel|Gonzalez|male|1981-09-17|148.204.226.31|Chrome|es;en|Miguel24189255811104@gmail.com;Miguel24189255811104@yahoo.com
2012-07-03|230786325577731|person|Aleksandr|Efimkin|male|1981-08-08|31.185.10.92|Internet Explorer|ru;en|Aleksandr30786325577731@gmail.com;Aleksandr30786325577731@gmx.com;Aleksandr30786325577731@zoho.com
2011-08-04|219791209299987|person|Jimmy|Burak|female|1984-08-01|197.220.203.36|Firefox|en;to|Jimmy19791209299987@giza.cc;Jimmy19791209299987@gmail.com
2010-10-28|208796093022238|person|Joakim|Larsson|female|1980-03-23|31.209.42.207|Internet Explorer|sv;fi;en|Joakim8796093022238@gmail.com;Joakim8796093022238@hotmail.com;Joakim8796093022238@yahoo.com
2012-06-26|230786325577740|person|Jose|Alonso|female|1987-08-18|196.1.135.241|Internet Explorer|es;en|Jose30786325577740@gmx.com;Jose30786325577740@hotmail.com
2011-11-27|224189255811121|person|Ashok|Singh|male|1981-03-31|49.206.89.61|Safari|mr;ta;en|Ashok24189255811121@gmail.com;Ashok24189255811121@gmx.com;Ashok24189255811121@hotmail.com;Ashok24189255811121@yahoo.com
2011-07-19|219791209299997|person|Lei|Zhang|male|1986-07-23|1.2.2.77|Firefox|zh;en|Lei19791209299997@gmail.com;Lei19791209299997@gmx.com;Lei19791209299997@zoho.com
2011-03-12|215393162788877|person|Mehmet|Koksal|female|1987-12-04|46.154.44.101|Firefox|tr;en|Mehmet15393162788877@gmail.com
2011-08-22|219791209300009|person|John|Kumar|male|1986-08-22|27.116.33.147|Safari|gu;mr;en|John19791209300009@gmail.com
